sensor,f_mm,hfov,D_m,gsd_m,px_humo10m,px_llama2m
OV2640,3.6,52.11,1000,0.611,16.36,3.27
OV2640,3.6,52.11,2000,1.222,8.18,1.64
OV2640,3.6,52.11,5000,3.056,3.27,0.65
OV2640,3.6,52.11,10000,6.111,1.64,0.33
OV2640,8.0,24.81,1000,0.275,36.36,7.27
OV2640,8.0,24.81,2000,0.55,18.18,3.64
OV2640,8.0,24.81,5000,1.375,7.27,1.45
OV2640,8.0,24.81,10000,2.75,3.64,0.73
OV2640,12.0,16.69,1000,0.183,54.55,10.91
OV2640,12.0,16.69,2000,0.367,27.27,5.45
OV2640,12.0,16.69,5000,0.917,10.91,2.18
OV2640,12.0,16.69,10000,1.833,5.45,1.09
OV2640,16.0,12.55,1000,0.138,72.73,14.55
OV2640,16.0,12.55,2000,0.275,36.36,7.27
OV2640,16.0,12.55,5000,0.688,14.55,2.91
OV2640,16.0,12.55,10000,1.375,7.27,1.45
OV2640,25.0,8.05,1000,0.088,113.64,22.73
OV2640,25.0,8.05,2000,0.176,56.82,11.36
OV2640,25.0,8.05,5000,0.44,22.73,4.55
OV2640,25.0,8.05,10000,0.88,11.36,2.27
OV5640,3.6,53.5,1000,0.389,25.71,5.14
OV5640,3.6,53.5,2000,0.778,12.86,2.57
OV5640,3.6,53.5,5000,1.944,5.14,1.03
OV5640,3.6,53.5,10000,3.889,2.57,0.51
OV5640,8.0,25.56,1000,0.175,57.14,11.43
OV5640,8.0,25.56,2000,0.35,28.57,5.71
OV5640,8.0,25.56,5000,0.875,11.43,2.29
OV5640,8.0,25.56,10000,1.75,5.71,1.14
OV5640,12.0,17.2,1000,0.117,85.71,17.14
OV5640,12.0,17.2,2000,0.233,42.86,8.57
OV5640,12.0,17.2,5000,0.583,17.14,3.43
OV5640,12.0,17.2,10000,1.167,8.57,1.71
OV5640,16.0,12.94,1000,0.088,114.29,22.86
OV5640,16.0,12.94,2000,0.175,57.14,11.43
OV5640,16.0,12.94,5000,0.437,22.86,4.57
OV5640,16.0,12.94,10000,0.875,11.43,2.29
OV5640,25.0,8.3,1000,0.056,178.57,35.71
OV5640,25.0,8.3,2000,0.112,89.29,17.86
OV5640,25.0,8.3,5000,0.28,35.71,7.14
OV5640,25.0,8.3,10000,0.56,17.86,3.57
