chip,variante,mmac,pesos_kb,arena_kb,ms,mj,memoria,salida
esp32,clasificar 96x96 gris a=0.25 (ancla),7.158,205.8,70.2,380.0,342.0,SRAM,escalar
esp32,clasificar 96x96 gris a=0.35,13.34,394.1,96.5,708.2,637.4,SRAM,escalar
esp32,clasificar 96x96 RGB  a=0.25,7.49,205.9,70.2,397.6,357.9,SRAM,escalar
esp32,clasificar 64x64 gris a=0.25,3.182,205.8,31.2,168.9,152.0,SRAM,escalar
esp32,clasificar 160x160 gris a=0.25,19.882,205.8,195.0,1319.4,1187.4,PSRAM,escalar
esp32,FOMO 96x96 gris a=0.25 -> 12x12,2.788,9.5,70.2,148.0,133.2,SRAM,12x12
esp32,FOMO 96x96 gris a=0.35 -> 12x12,4.931,17.2,96.5,261.8,235.6,SRAM,12x12
esp32,FOMO 160x160 gris a=0.25 -> 20x20,7.744,9.5,195.0,513.9,462.5,PSRAM,20x20
esp32,FOMO 96x96 gris a=0.25 -> 24x24,1.797,2.4,70.2,95.4,85.9,SRAM,24x24
esp32s3,clasificar 96x96 gris a=0.25 (ancla),7.158,205.8,70.2,54.0,48.6,SRAM,escalar
esp32s3,clasificar 96x96 gris a=0.35,13.34,394.1,96.5,100.6,90.6,SRAM,escalar
esp32s3,clasificar 96x96 RGB  a=0.25,7.49,205.9,70.2,56.5,50.9,SRAM,escalar
esp32s3,clasificar 64x64 gris a=0.25,3.182,205.8,31.2,24.0,21.6,SRAM,escalar
esp32s3,clasificar 160x160 gris a=0.25,19.882,205.8,195.0,187.5,168.7,PSRAM,escalar
esp32s3,FOMO 96x96 gris a=0.25 -> 12x12,2.788,9.5,70.2,21.0,18.9,SRAM,12x12
esp32s3,FOMO 96x96 gris a=0.35 -> 12x12,4.931,17.2,96.5,37.2,33.5,SRAM,12x12
esp32s3,FOMO 160x160 gris a=0.25 -> 20x20,7.744,9.5,195.0,73.0,65.7,PSRAM,20x20
esp32s3,FOMO 96x96 gris a=0.25 -> 24x24,1.797,2.4,70.2,13.6,12.2,SRAM,24x24
esp32c3,clasificar 96x96 gris a=0.25 (ancla),7.158,205.8,70.2,426.0,383.4,SRAM,escalar
esp32c3,clasificar 96x96 gris a=0.35,13.34,394.1,96.5,793.9,714.5,SRAM,escalar
esp32c3,clasificar 96x96 RGB  a=0.25,7.49,205.9,70.2,445.7,401.2,SRAM,escalar
esp32c3,clasificar 64x64 gris a=0.25,3.182,205.8,31.2,189.4,170.4,SRAM,escalar
esp32c3,clasificar 160x160 gris a=0.25,19.882,205.8,195.0,1479.1,1331.2,PSRAM,escalar
esp32c3,FOMO 96x96 gris a=0.25 -> 12x12,2.788,9.5,70.2,165.9,149.3,SRAM,12x12
esp32c3,FOMO 96x96 gris a=0.35 -> 12x12,4.931,17.2,96.5,293.5,264.1,SRAM,12x12
esp32c3,FOMO 160x160 gris a=0.25 -> 20x20,7.744,9.5,195.0,576.1,518.5,PSRAM,20x20
esp32c3,FOMO 96x96 gris a=0.25 -> 24x24,1.797,2.4,70.2,107.0,96.3,SRAM,24x24
esp32p4,clasificar 96x96 gris a=0.25 (ancla),7.158,205.8,70.2,73.0,65.7,SRAM,escalar
esp32p4,clasificar 96x96 gris a=0.35,13.34,394.1,96.5,136.0,122.4,SRAM,escalar
esp32p4,clasificar 96x96 RGB  a=0.25,7.49,205.9,70.2,76.4,68.7,SRAM,escalar
esp32p4,clasificar 64x64 gris a=0.25,3.182,205.8,31.2,32.4,29.2,SRAM,escalar
esp32p4,clasificar 160x160 gris a=0.25,19.882,205.8,195.0,253.5,228.1,PSRAM,escalar
esp32p4,FOMO 96x96 gris a=0.25 -> 12x12,2.788,9.5,70.2,28.4,25.6,SRAM,12x12
esp32p4,FOMO 96x96 gris a=0.35 -> 12x12,4.931,17.2,96.5,50.3,45.3,SRAM,12x12
esp32p4,FOMO 160x160 gris a=0.25 -> 20x20,7.744,9.5,195.0,98.7,88.8,PSRAM,20x20
esp32p4,FOMO 96x96 gris a=0.25 -> 24x24,1.797,2.4,70.2,18.3,16.5,SRAM,24x24
